<?xml version="1.0" encoding="UTF-8"?>
<configuration>
    <include resource="org/springframework/boot/logging/logback/defaults.xml" />
    <logger name="com.opnext" level="INFO" />

    <springProfile name="qa, prod">
        <appender name="INFO_FILE" class="ch.qos.logback.core.rolling.RollingFileAppender">
            <file>${LOG_PATH}/info.log</file>
            <rollingPolicy class="ch.qos.logback.core.rolling.TimeBasedRollingPolicy">
                <!-- rollover daily -->
                <fileNamePattern>${LOG_PATH}/info-%d{yyyy-MM-dd}.%i.log</fileNamePattern>
                <maxHistory>60</maxHistory>
                <timeBasedFileNamingAndTriggeringPolicy
                        class="ch.qos.logback.core.rolling.SizeAndTimeBasedFNATP">
                    <!-- or whenever the file size reaches 100MB -->
                    <maxFileSize>100MB</maxFileSize>
                </timeBasedFileNamingAndTriggeringPolicy>
            </rollingPolicy>
            <encoder>
                <pattern>${FILE_LOG_PATTERN}</pattern>
            </encoder>
        </appender>
        <appender name="ERROR_FILE" class="ch.qos.logback.core.FileAppender">
            <file>${LOG_PATH}/error.log</file>
            <encoder>
                <pattern>${FILE_LOG_PATTERN}</pattern>
            </encoder>
            <filter class="ch.qos.logback.classic.filter.LevelFilter">
                <level>ERROR</level>
                <onMatch>ACCEPT</onMatch>
                <onMismatch>DENY</onMismatch>
            </filter>
        </appender>
        <root level="INFO">
            <appender-ref ref="ERROR_FILE" />
            <appender-ref ref="INFO_FILE" />
        </root>
    </springProfile>
    <springProfile name="dev,default">
        <appender name="STDOUT" class="ch.qos.logback.core.ConsoleAppender">
            <encoder>
                <pattern>${CONSOLE_LOG_PATTERN}</pattern>
            </encoder>
        </appender>
        <root level="INFO">
            <appender-ref ref="STDOUT" />
        </root>
    </springProfile>

</configuration>
